run_id,constraint_met,F1_neg,F1_pos,Recall_neg,Recall_pos,Precision_neg,Precision_pos,Macro_F1,PR_AUC_neg,threshold,penalty,C,class_weight,ngram_range,min_df,max_df,sublinear_tf,stopwords_enabled,n_features,coef_sparsity,runtime_seconds,Brier_Score,ECE,confusion_matrix
run.2026-01-10_200,True,0.898374,0.968334,0.922756,0.960427,0.875248,0.976373,0.933354,0.945146,0.376643,l2,5.000000,,"(1, 3)",10,0.900000,True,True,3946,0.000000,9.254181,0.037704,0.009556,"[[442, 37], [63, 1529]]"
run.2026-01-10_208,True,0.898374,0.968334,0.922756,0.960427,0.875248,0.976373,0.933354,0.945146,0.376643,l2,5.000000,,"(1, 3)",10,0.950000,True,True,3946,0.000000,9.228696,0.037704,0.009556,"[[442, 37], [63, 1529]]"
run.2026-01-10_216,True,0.898374,0.968334,0.922756,0.960427,0.875248,0.976373,0.933354,0.945146,0.376643,l2,5.000000,,"(1, 3)",10,1.000000,True,True,3946,0.000000,9.897416,0.037704,0.009556,"[[442, 37], [63, 1529]]"
run.2026-01-10_195,True,0.897751,0.968394,0.916493,0.962312,0.879760,0.974555,0.933072,0.942074,0.359035,l2,3.000000,,"(1, 3)",10,0.900000,True,False,7765,0.000000,10.603341,0.039853,0.014189,"[[439, 40], [60, 1532]]"
run.2026-01-10_203,True,0.897751,0.968394,0.916493,0.962312,0.879760,0.974555,0.933072,0.942074,0.359035,l2,3.000000,,"(1, 3)",10,0.950000,True,False,7765,0.000000,10.225786,0.039853,0.014189,"[[439, 40], [60, 1532]]"
run.2026-01-10_211,True,0.897751,0.968394,0.916493,0.962312,0.879760,0.974555,0.933072,0.942074,0.359035,l2,3.000000,,"(1, 3)",10,1.000000,True,False,7765,0.000000,10.635491,0.039853,0.014189,"[[439, 40], [60, 1532]]"
run.2026-01-10_104,True,0.897541,0.968414,0.914405,0.962940,0.881288,0.973952,0.932978,0.948867,0.417627,l2,5.000000,,"(1, 2)",5,0.900000,True,True,7959,0.012564,8.863232,0.037807,0.010566,"[[438, 41], [59, 1533]]"
run.2026-01-10_112,True,0.897541,0.968414,0.914405,0.962940,0.881288,0.973952,0.932978,0.948867,0.417627,l2,5.000000,,"(1, 2)",5,0.950000,True,True,7959,0.012564,9.207000,0.037807,0.010566,"[[438, 41], [59, 1533]]"
run.2026-01-10_120,True,0.897541,0.968414,0.914405,0.962940,0.881288,0.973952,0.932978,0.948867,0.417627,l2,5.000000,,"(1, 2)",5,1.000000,True,True,7959,0.012564,8.618705,0.037807,0.010566,"[[438, 41], [59, 1533]]"
run.2026-01-10_152,True,0.896907,0.968474,0.908142,0.964824,0.885947,0.972152,0.932691,0.943894,0.531485,l2,5.000000,,"(1, 3)",2,0.900000,True,True,34331,2.092569,10.703265,0.039000,0.015947,"[[435, 44], [56, 1536]]"
run.2026-01-10_160,True,0.896907,0.968474,0.908142,0.964824,0.885947,0.972152,0.932691,0.943894,0.531485,l2,5.000000,,"(1, 3)",2,0.950000,True,True,34331,2.092569,10.676975,0.039000,0.015947,"[[435, 44], [56, 1536]]"
run.2026-01-10_168,True,0.896907,0.968474,0.908142,0.964824,0.885947,0.972152,0.932691,0.943894,0.531485,l2,5.000000,,"(1, 3)",2,1.000000,True,True,34331,2.092569,14.013118,0.039000,0.015947,"[[435, 44], [56, 1536]]"
run.2026-01-10_128,True,0.896622,0.968088,0.914405,0.962312,0.879518,0.973935,0.932355,0.945350,0.385280,l2,5.000000,,"(1, 2)",10,0.900000,True,True,3757,0.000000,11.464581,0.037634,0.008363,"[[438, 41], [60, 1532]]"
run.2026-01-10_136,True,0.896622,0.968088,0.914405,0.962312,0.879518,0.973935,0.932355,0.945350,0.385280,l2,5.000000,,"(1, 2)",10,0.950000,True,True,3757,0.000000,8.583402,0.037634,0.008363,"[[438, 41], [60, 1532]]"
run.2026-01-10_144,True,0.896622,0.968088,0.914405,0.962312,0.879518,0.973935,0.932355,0.945350,0.385280,l2,5.000000,,"(1, 2)",10,1.000000,True,True,3757,0.000000,8.279739,0.037634,0.008363,"[[438, 41], [60, 1532]]"
run.2026-01-10_124,True,0.896266,0.968534,0.901879,0.966709,0.890722,0.970366,0.932400,0.944263,0.478995,l2,5.000000,,"(1, 2)",10,0.900000,True,False,6312,0.000000,9.635399,0.038890,0.010672,"[[432, 47], [53, 1539]]"
run.2026-01-10_132,True,0.896266,0.968534,0.901879,0.966709,0.890722,0.970366,0.932400,0.944263,0.478995,l2,5.000000,,"(1, 2)",10,0.950000,True,False,6312,0.000000,9.382838,0.038890,0.010672,"[[432, 47], [53, 1539]]"
run.2026-01-10_140,True,0.896266,0.968534,0.901879,0.966709,0.890722,0.970366,0.932400,0.944263,0.478995,l2,5.000000,,"(1, 2)",10,1.000000,True,False,6312,0.000000,9.497894,0.038890,0.010672,"[[432, 47], [53, 1539]]"
run.2026-01-10_196,True,0.896197,0.968129,0.910230,0.963568,0.882591,0.972733,0.932163,0.944484,0.386253,l2,5.000000,,"(1, 3)",10,0.900000,True,False,7765,0.000000,10.412517,0.038968,0.011879,"[[436, 43], [58, 1534]]"
run.2026-01-10_204,True,0.896197,0.968129,0.910230,0.963568,0.882591,0.972733,0.932163,0.944484,0.386253,l2,5.000000,,"(1, 3)",10,0.950000,True,False,7765,0.000000,11.063404,0.038968,0.011879,"[[436, 43], [58, 1534]]"
run.2026-01-10_212,True,0.896197,0.968129,0.910230,0.963568,0.882591,0.972733,0.932163,0.944484,0.386253,l2,5.000000,,"(1, 3)",10,1.000000,True,False,7765,0.000000,10.252592,0.038968,0.011879,"[[436, 43], [58, 1534]]"
run.2026-01-10_103,True,0.895918,0.967742,0.916493,0.961055,0.876248,0.974522,0.931830,0.947802,0.385219,l2,3.000000,,"(1, 2)",5,0.900000,True,True,7959,0.012564,8.872051,0.038506,0.009894,"[[439, 40], [62, 1530]]"
run.2026-01-10_111,True,0.895918,0.967742,0.916493,0.961055,0.876248,0.974522,0.931830,0.947802,0.385219,l2,3.000000,,"(1, 2)",5,0.950000,True,True,7959,0.012564,8.706561,0.038506,0.009894,"[[439, 40], [62, 1530]]"
run.2026-01-10_119,True,0.895918,0.967742,0.916493,0.961055,0.876248,0.974522,0.931830,0.947802,0.385219,l2,3.000000,,"(1, 2)",5,1.000000,True,True,7959,0.012564,8.696685,0.038506,0.009894,"[[439, 40], [62, 1530]]"
run.2026-01-10_080,True,0.895769,0.968169,0.906054,0.964824,0.885714,0.971537,0.931969,0.946620,0.514011,l2,5.000000,,"(1, 2)",2,0.900000,True,True,28089,1.948806,9.160103,0.038802,0.016499,"[[434, 45], [56, 1536]]"
run.2026-01-10_088,True,0.895769,0.968169,0.906054,0.964824,0.885714,0.971537,0.931969,0.946620,0.514011,l2,5.000000,,"(1, 2)",2,0.950000,True,True,28089,1.948806,9.570411,0.038802,0.016499,"[[434, 45], [56, 1536]]"
run.2026-01-10_096,True,0.895769,0.968169,0.906054,0.964824,0.885714,0.971537,0.931969,0.946620,0.514011,l2,5.000000,,"(1, 2)",2,1.000000,True,True,28089,1.948806,9.357269,0.038802,0.016499,"[[434, 45], [56, 1536]]"
run.2026-01-10_099,True,0.895337,0.968209,0.901879,0.966080,0.888889,0.970347,0.931773,0.943244,0.491283,l2,3.000000,,"(1, 2)",5,0.900000,True,False,12975,0.007707,9.650184,0.039751,0.010427,"[[432, 47], [54, 1538]]"
run.2026-01-10_107,True,0.895337,0.968209,0.901879,0.966080,0.888889,0.970347,0.931773,0.943244,0.491283,l2,3.000000,,"(1, 2)",5,0.950000,True,False,12975,0.007707,8.507562,0.039751,0.010427,"[[432, 47], [54, 1538]]"
run.2026-01-10_115,True,0.895337,0.968209,0.901879,0.966080,0.888889,0.970347,0.931773,0.943244,0.491283,l2,3.000000,,"(1, 2)",5,1.000000,True,False,12975,0.007707,9.800907,0.039751,0.010427,"[[432, 47], [54, 1538]]"
run.2026-01-10_175,True,0.895062,0.967823,0.908142,0.963568,0.882353,0.972117,0.931443,0.946059,0.456439,l2,3.000000,,"(1, 3)",5,0.900000,True,True,8639,0.011575,9.709542,0.038840,0.009565,"[[435, 44], [58, 1534]]"
run.2026-01-10_183,True,0.895062,0.967823,0.908142,0.963568,0.882353,0.972117,0.931443,0.946059,0.456439,l2,3.000000,,"(1, 3)",5,0.950000,True,True,8639,0.011575,9.642635,0.038840,0.009565,"[[435, 44], [58, 1534]]"
run.2026-01-10_191,True,0.895062,0.967823,0.908142,0.963568,0.882353,0.972117,0.931443,0.946059,0.456439,l2,3.000000,,"(1, 3)",5,1.000000,True,True,8639,0.011575,9.658672,0.038840,0.009565,"[[435, 44], [58, 1534]]"
run.2026-01-10_100,True,0.894845,0.967844,0.906054,0.964196,0.883910,0.971519,0.931344,0.946137,0.438915,l2,5.000000,,"(1, 2)",5,0.900000,True,False,12975,0.007707,10.049619,0.038882,0.010329,"[[434, 45], [57, 1535]]"
run.2026-01-10_108,True,0.894845,0.967844,0.906054,0.964196,0.883910,0.971519,0.931344,0.946137,0.438915,l2,5.000000,,"(1, 2)",5,0.950000,True,False,12975,0.007707,9.738740,0.038882,0.010329,"[[434, 45], [57, 1535]]"
run.2026-01-10_116,True,0.894845,0.967844,0.906054,0.964196,0.883910,0.971519,0.931344,0.946137,0.438915,l2,5.000000,,"(1, 2)",5,1.000000,True,False,12975,0.007707,9.485018,0.038882,0.010329,"[[434, 45], [57, 1535]]"
run.2026-01-10_199,True,0.894791,0.967436,0.914405,0.961055,0.876000,0.973902,0.931113,0.944241,0.378386,l2,3.000000,,"(1, 3)",10,0.900000,True,True,3946,0.000000,9.099188,0.038128,0.010261,"[[438, 41], [62, 1530]]"
run.2026-01-10_207,True,0.894791,0.967436,0.914405,0.961055,0.876000,0.973902,0.931113,0.944241,0.378386,l2,3.000000,,"(1, 3)",10,0.950000,True,True,3946,0.000000,9.219209,0.038128,0.010261,"[[438, 41], [62, 1530]]"
run.2026-01-10_215,True,0.894791,0.967436,0.914405,0.961055,0.876000,0.973902,0.931113,0.944241,0.378386,l2,3.000000,,"(1, 3)",10,1.000000,True,True,3946,0.000000,9.070955,0.038128,0.010261,"[[438, 41], [62, 1530]]"
run.2026-01-10_172,True,0.894628,0.967864,0.903967,0.964824,0.885481,0.970923,0.931246,0.944352,0.436783,l2,5.000000,,"(1, 3)",5,0.900000,True,False,17491,0.006861,13.529338,0.039125,0.009241,"[[433, 46], [56, 1536]]"
run.2026-01-10_180,True,0.894628,0.967864,0.903967,0.964824,0.885481,0.970923,0.931246,0.944352,0.436783,l2,5.000000,,"(1, 3)",5,0.950000,True,False,17491,0.006861,11.541545,0.039125,0.009241,"[[433, 46], [56, 1536]]"
run.2026-01-10_188,True,0.894628,0.967864,0.903967,0.964824,0.885481,0.970923,0.931246,0.944352,0.436783,l2,5.000000,,"(1, 3)",5,1.000000,True,False,17491,0.006861,11.605809,0.039125,0.009241,"[[433, 46], [56, 1536]]"
run.2026-01-10_176,True,0.894575,0.967457,0.912317,0.961683,0.877510,0.973299,0.931016,0.947527,0.415220,l2,5.000000,,"(1, 3)",5,0.900000,True,True,8639,0.011575,9.652067,0.038135,0.009044,"[[437, 42], [61, 1531]]"
run.2026-01-10_184,True,0.894575,0.967457,0.912317,0.961683,0.877510,0.973299,0.931016,0.947527,0.415220,l2,5.000000,,"(1, 3)",5,0.950000,True,True,8639,0.011575,9.696464,0.038135,0.009044,"[[437, 42], [61, 1531]]"
run.2026-01-10_192,True,0.894575,0.967457,0.912317,0.961683,0.877510,0.973299,0.931016,0.947527,0.415220,l2,5.000000,,"(1, 3)",5,1.000000,True,True,8639,0.011575,10.711417,0.038135,0.009044,"[[437, 42], [61, 1531]]"
run.2026-01-10_171,True,0.894523,0.967047,0.920668,0.958543,0.869822,0.975703,0.930785,0.942995,0.339388,l2,3.000000,,"(1, 3)",5,0.900000,True,False,17491,0.006861,15.928305,0.039783,0.009414,"[[441, 38], [66, 1526]]"
run.2026-01-10_179,True,0.894523,0.967047,0.920668,0.958543,0.869822,0.975703,0.930785,0.942995,0.339388,l2,3.000000,,"(1, 3)",5,0.950000,True,False,17491,0.006861,11.261166,0.039783,0.009414,"[[441, 38], [66, 1526]]"
run.2026-01-10_187,True,0.894523,0.967047,0.920668,0.958543,0.869822,0.975703,0.930785,0.942995,0.339388,l2,3.000000,,"(1, 3)",5,1.000000,True,False,17491,0.006861,11.246395,0.039783,0.009414,"[[441, 38], [66, 1526]]"
run.2026-01-10_148,True,0.894142,0.967498,0.908142,0.962940,0.880567,0.972099,0.930820,0.942450,0.459132,l2,5.000000,,"(1, 3)",2,0.900000,True,False,63592,1.970059,13.052010,0.040809,0.011867,"[[435, 44], [59, 1533]]"
run.2026-01-10_156,True,0.894142,0.967498,0.908142,0.962940,0.880567,0.972099,0.930820,0.942450,0.459132,l2,5.000000,,"(1, 3)",2,0.950000,True,False,63592,1.970059,13.140339,0.040809,0.011867,"[[435, 44], [59, 1533]]"
run.2026-01-10_164,True,0.894142,0.967498,0.908142,0.962940,0.880567,0.972099,0.930820,0.942450,0.459132,l2,5.000000,,"(1, 3)",2,1.000000,True,False,63592,1.970059,15.372233,0.040809,0.011867,"[[435, 44], [59, 1533]]"
run.2026-01-10_127,True,0.893443,0.967151,0.910230,0.961683,0.877264,0.972681,0.930297,0.944013,0.370483,l2,3.000000,,"(1, 2)",10,0.900000,True,True,3757,0.000000,8.563766,0.038524,0.011840,"[[436, 43], [61, 1531]]"
run.2026-01-10_135,True,0.893443,0.967151,0.910230,0.961683,0.877264,0.972681,0.930297,0.944013,0.370483,l2,3.000000,,"(1, 2)",10,0.950000,True,True,3757,0.000000,11.726856,0.038524,0.011840,"[[436, 43], [61, 1531]]"
run.2026-01-10_143,True,0.893443,0.967151,0.910230,0.961683,0.877264,0.972681,0.930297,0.944013,0.370483,l2,3.000000,,"(1, 2)",10,1.000000,True,True,3757,0.000000,8.608082,0.038524,0.011840,"[[436, 43], [61, 1531]]"
run.2026-01-10_123,True,0.892966,0.966783,0.914405,0.959799,0.872510,0.973869,0.929875,0.941960,0.335455,l2,3.000000,,"(1, 2)",10,0.900000,True,False,6312,0.000000,9.165450,0.039771,0.011443,"[[438, 41], [64, 1528]]"
run.2026-01-10_131,True,0.892966,0.966783,0.914405,0.959799,0.872510,0.973869,0.929875,0.941960,0.335455,l2,3.000000,,"(1, 2)",10,0.950000,True,False,6312,0.000000,11.172024,0.039771,0.011443,"[[438, 41], [64, 1528]]"
run.2026-01-10_139,True,0.892966,0.966783,0.914405,0.959799,0.872510,0.973869,0.929875,0.941960,0.335455,l2,3.000000,,"(1, 2)",10,1.000000,True,False,6312,0.000000,9.421745,0.039771,0.011443,"[[438, 41], [64, 1528]]"
run.2026-01-10_076,True,0.892528,0.966825,0.910230,0.961055,0.875502,0.972664,0.929676,0.941039,0.433993,l2,5.000000,,"(1, 2)",2,0.900000,True,False,38624,1.690141,10.907511,0.039767,0.011959,"[[436, 43], [62, 1530]]"
run.2026-01-10_084,True,0.892528,0.966825,0.910230,0.961055,0.875502,0.972664,0.929676,0.941039,0.433993,l2,5.000000,,"(1, 2)",2,0.950000,True,False,38624,1.690141,11.021728,0.039767,0.011959,"[[436, 43], [62, 1530]]"
run.2026-01-10_092,True,0.892528,0.966825,0.910230,0.961055,0.875502,0.972664,0.929676,0.941039,0.433993,l2,5.000000,,"(1, 2)",2,1.000000,True,False,38624,1.690141,11.241973,0.039767,0.011959,"[[436, 43], [62, 1530]]"
run.2026-01-10_079,True,0.891393,0.966519,0.908142,0.961055,0.875252,0.972046,0.928956,0.943189,0.460946,l2,3.000000,,"(1, 2)",2,0.900000,True,True,28089,1.948806,9.252840,0.040199,0.018791,"[[435, 44], [62, 1530]]"
run.2026-01-10_087,True,0.891393,0.966519,0.908142,0.961055,0.875252,0.972046,0.928956,0.943189,0.460946,l2,3.000000,,"(1, 2)",2,0.950000,True,True,28089,1.948806,8.563791,0.040199,0.018791,"[[435, 44], [62, 1530]]"
run.2026-01-10_095,True,0.891393,0.966519,0.908142,0.961055,0.875252,0.972046,0.928956,0.943189,0.460946,l2,3.000000,,"(1, 2)",2,1.000000,True,True,28089,1.948806,9.623058,0.040199,0.018791,"[[435, 44], [62, 1530]]"
run.2026-01-10_151,True,0.891170,0.966540,0.906054,0.961683,0.876768,0.971447,0.928855,0.943260,0.487530,l2,3.000000,,"(1, 3)",2,0.900000,True,True,34331,2.092569,10.399339,0.040692,0.017919,"[[434, 45], [61, 1531]]"
run.2026-01-10_159,True,0.891170,0.966540,0.906054,0.961683,0.876768,0.971447,0.928855,0.943260,0.487530,l2,3.000000,,"(1, 3)",2,0.950000,True,True,34331,2.092569,10.611121,0.040692,0.017919,"[[434, 45], [61, 1531]]"
run.2026-01-10_167,True,0.891170,0.966540,0.906054,0.961683,0.876768,0.971447,0.928855,0.943260,0.487530,l2,3.000000,,"(1, 3)",2,1.000000,True,True,34331,2.092569,14.562370,0.040692,0.017919,"[[434, 45], [61, 1531]]"
run.2026-01-10_004,True,0.889804,0.966257,0.901879,0.962312,0.878049,0.970234,0.928031,0.943812,0.485286,l2,5.000000,,"(1, 1)",2,0.900000,True,False,8377,1.198520,7.872880,0.039490,0.009186,"[[432, 47], [60, 1532]]"
run.2026-01-10_012,True,0.889804,0.966257,0.901879,0.962312,0.878049,0.970234,0.928031,0.943812,0.485286,l2,5.000000,,"(1, 1)",2,0.950000,True,False,8377,1.198520,7.728070,0.039490,0.009186,"[[432, 47], [60, 1532]]"
run.2026-01-10_020,True,0.889804,0.966257,0.901879,0.962312,0.878049,0.970234,0.928031,0.943812,0.485286,l2,5.000000,,"(1, 1)",2,1.000000,True,False,8377,1.198520,7.676345,0.039490,0.009186,"[[432, 47], [60, 1532]]"
run.2026-01-10_028,True,0.889804,0.966257,0.901879,0.962312,0.878049,0.970234,0.928031,0.942371,0.507198,l2,5.000000,,"(1, 1)",5,0.900000,True,False,4112,0.004864,7.696624,0.039992,0.009183,"[[432, 47], [60, 1532]]"
run.2026-01-10_036,True,0.889804,0.966257,0.901879,0.962312,0.878049,0.970234,0.928031,0.942371,0.507198,l2,5.000000,,"(1, 1)",5,0.950000,True,False,4112,0.004864,7.724647,0.039992,0.009183,"[[432, 47], [60, 1532]]"
run.2026-01-10_044,True,0.889804,0.966257,0.901879,0.962312,0.878049,0.970234,0.928031,0.942371,0.507198,l2,5.000000,,"(1, 1)",5,1.000000,True,False,4112,0.004864,7.589223,0.039992,0.009183,"[[432, 47], [60, 1532]]"
run.2026-01-10_075,True,0.889796,0.965844,0.910230,0.959171,0.870259,0.972611,0.927820,0.937645,0.419124,l2,3.000000,,"(1, 2)",2,0.900000,True,False,38624,1.690141,10.581746,0.040996,0.011282,"[[436, 43], [65, 1527]]"
run.2026-01-10_083,True,0.889796,0.965844,0.910230,0.959171,0.870259,0.972611,0.927820,0.937645,0.419124,l2,3.000000,,"(1, 2)",2,0.950000,True,False,38624,1.690141,10.460792,0.040996,0.011282,"[[436, 43], [65, 1527]]"
run.2026-01-10_091,True,0.889796,0.965844,0.910230,0.959171,0.870259,0.972611,0.927820,0.937645,0.419124,l2,3.000000,,"(1, 2)",2,1.000000,True,False,38624,1.690141,10.873361,0.040996,0.011282,"[[436, 43], [65, 1527]]"
run.2026-01-10_055,True,0.889113,0.965079,0.920668,0.954774,0.859649,0.975610,0.927096,0.937713,0.348633,l2,3.000000,,"(1, 1)",10,0.900000,True,True,2420,0.000000,2.109090,0.040673,0.011126,"[[441, 38], [72, 1520]]"
run.2026-01-10_063,True,0.889113,0.965079,0.920668,0.954774,0.859649,0.975610,0.927096,0.937713,0.348633,l2,3.000000,,"(1, 1)",10,0.950000,True,True,2420,0.000000,2.402948,0.040673,0.011126,"[[441, 38], [72, 1520]]"
run.2026-01-10_071,True,0.889113,0.965079,0.920668,0.954774,0.859649,0.975610,0.927096,0.937713,0.348633,l2,3.000000,,"(1, 1)",10,1.000000,True,True,2420,0.000000,1.539667,0.040673,0.011126,"[[441, 38], [72, 1520]]"
run.2026-01-10_147,True,0.888889,0.965517,0.910230,0.958543,0.868526,0.972594,0.927203,0.938429,0.416114,l2,3.000000,,"(1, 3)",2,0.900000,True,False,63592,1.970059,12.629101,0.042265,0.014320,"[[436, 43], [66, 1526]]"
run.2026-01-10_155,True,0.888889,0.965517,0.910230,0.958543,0.868526,0.972594,0.927203,0.938429,0.416114,l2,3.000000,,"(1, 3)",2,0.950000,True,False,63592,1.970059,12.274927,0.042265,0.014320,"[[436, 43], [66, 1526]]"
run.2026-01-10_163,True,0.888889,0.965517,0.910230,0.958543,0.868526,0.972594,0.927203,0.938429,0.416114,l2,3.000000,,"(1, 3)",2,1.000000,True,False,63592,1.970059,12.321037,0.042265,0.014320,"[[436, 43], [66, 1526]]"
run.2026-01-10_174,True,0.888662,0.965539,0.908142,0.959171,0.870000,0.971992,0.927100,0.940462,0.415935,l2,1.000000,,"(1, 3)",5,0.900000,True,True,8639,0.011575,9.894728,0.041617,0.014333,"[[435, 44], [65, 1527]]"
run.2026-01-10_182,True,0.888662,0.965539,0.908142,0.959171,0.870000,0.971992,0.927100,0.940462,0.415935,l2,1.000000,,"(1, 3)",5,0.950000,True,True,8639,0.011575,8.248056,0.041617,0.014333,"[[435, 44], [65, 1527]]"
run.2026-01-10_190,True,0.888662,0.965539,0.908142,0.959171,0.870000,0.971992,0.927100,0.940462,0.415935,l2,1.000000,,"(1, 3)",5,1.000000,True,True,8639,0.011575,9.430720,0.041617,0.014333,"[[435, 44], [65, 1527]]"
run.2026-01-10_008,True,0.888662,0.965539,0.908142,0.959171,0.870000,0.971992,0.927100,0.939876,0.415641,l2,5.000000,,"(1, 1)",2,0.900000,True,True,8331,1.205137,7.647383,0.040052,0.011042,"[[435, 44], [65, 1527]]"
run.2026-01-10_016,True,0.888662,0.965539,0.908142,0.959171,0.870000,0.971992,0.927100,0.939876,0.415641,l2,5.000000,,"(1, 1)",2,0.950000,True,True,8331,1.205137,7.654559,0.040052,0.011042,"[[435, 44], [65, 1527]]"
run.2026-01-10_024,True,0.888662,0.965539,0.908142,0.959171,0.870000,0.971992,0.927100,0.939876,0.415641,l2,5.000000,,"(1, 1)",2,1.000000,True,True,8331,1.205137,7.566422,0.040052,0.011042,"[[435, 44], [65, 1527]]"
run.2026-01-10_032,True,0.888438,0.965146,0.914405,0.956658,0.863905,0.973785,0.926792,0.939315,0.359107,l2,5.000000,,"(1, 1)",5,0.900000,True,True,4066,0.004919,7.323654,0.040077,0.008760,"[[438, 41], [69, 1523]]"
run.2026-01-10_040,True,0.888438,0.965146,0.914405,0.956658,0.863905,0.973785,0.926792,0.939315,0.359107,l2,5.000000,,"(1, 1)",5,0.950000,True,True,4066,0.004919,7.427464,0.040077,0.008760,"[[438, 41], [69, 1523]]"
run.2026-01-10_048,True,0.888438,0.965146,0.914405,0.956658,0.863905,0.973785,0.926792,0.939315,0.359107,l2,5.000000,,"(1, 1)",5,1.000000,True,True,4066,0.004919,7.591740,0.040077,0.008760,"[[438, 41], [69, 1523]]"
run.2026-01-10_056,True,0.887992,0.964773,0.918580,0.954774,0.859375,0.974984,0.926383,0.938259,0.344211,l2,5.000000,,"(1, 1)",10,0.900000,True,True,2420,0.000000,1.924168,0.039847,0.007603,"[[440, 39], [72, 1520]]"
run.2026-01-10_064,True,0.887992,0.964773,0.918580,0.954774,0.859375,0.974984,0.926383,0.938259,0.344211,l2,5.000000,,"(1, 1)",10,0.950000,True,True,2420,0.000000,2.396036,0.039847,0.007603,"[[440, 39], [72, 1520]]"
run.2026-01-10_072,True,0.887992,0.964773,0.918580,0.954774,0.859375,0.974984,0.926383,0.938259,0.344211,l2,5.000000,,"(1, 1)",10,1.000000,True,True,2420,0.000000,2.202716,0.039847,0.007603,"[[440, 39], [72, 1520]]"
run.2026-01-10_102,True,0.887984,0.965190,0.910230,0.957915,0.866799,0.972577,0.926587,0.940223,0.404076,l2,1.000000,,"(1, 2)",5,0.900000,True,True,7959,0.012564,8.703892,0.041610,0.012290,"[[436, 43], [67, 1525]]"
run.2026-01-10_110,True,0.887984,0.965190,0.910230,0.957915,0.866799,0.972577,0.926587,0.940223,0.404076,l2,1.000000,,"(1, 2)",5,0.950000,True,True,7959,0.012564,8.671600,0.041610,0.012290,"[[436, 43], [67, 1525]]"
run.2026-01-10_118,True,0.887984,0.965190,0.910230,0.957915,0.866799,0.972577,0.926587,0.940223,0.404076,l2,1.000000,,"(1, 2)",5,1.000000,True,True,7959,0.012564,8.760846,0.041610,0.012290,"[[436, 43], [67, 1525]]"
run.2026-01-10_031,True,0.887538,0.964818,0.914405,0.956030,0.862205,0.973768,0.926178,0.936677,0.356175,l2,3.000000,,"(1, 1)",5,0.900000,True,True,4066,0.004919,7.400586,0.040775,0.010287,"[[438, 41], [70, 1522]]"
run.2026-01-10_039,True,0.887538,0.964818,0.914405,0.956030,0.862205,0.973768,0.926178,0.936677,0.356175,l2,3.000000,,"(1, 1)",5,0.950000,True,True,4066,0.004919,7.360762,0.040775,0.010287,"[[438, 41], [70, 1522]]"
run.2026-01-10_047,True,0.887538,0.964818,0.914405,0.956030,0.862205,0.973768,0.926178,0.936677,0.356175,l2,3.000000,,"(1, 1)",5,1.000000,True,True,4066,0.004919,7.523876,0.040775,0.010287,"[[438, 41], [70, 1522]]"
run.2026-01-10_122,True,0.887295,0.965256,0.903967,0.959799,0.871227,0.970775,0.926275,0.935257,0.386899,l2,1.000000,,"(1, 2)",10,0.900000,True,False,6312,0.000000,8.988837,0.043275,0.011151,"[[433, 46], [64, 1528]]"
run.2026-01-10_130,True,0.887295,0.965256,0.903967,0.959799,0.871227,0.970775,0.926275,0.935257,0.386899,l2,1.000000,,"(1, 2)",10,0.950000,True,False,6312,0.000000,9.176686,0.043275,0.011151,"[[433, 46], [64, 1528]]"
run.2026-01-10_138,True,0.887295,0.965256,0.903967,0.959799,0.871227,0.970775,0.926275,0.935257,0.386899,l2,1.000000,,"(1, 2)",10,1.000000,True,False,6312,0.000000,9.160829,0.043275,0.011151,"[[433, 46], [64, 1528]]"
run.2026-01-10_051,True,0.887097,0.964444,0.918580,0.954146,0.857700,0.974968,0.925771,0.938998,0.368254,l2,3.000000,,"(1, 1)",10,0.900000,True,False,2466,0.000000,7.430417,0.040554,0.009139,"[[440, 39], [73, 1519]]"
run.2026-01-10_059,True,0.887097,0.964444,0.918580,0.954146,0.857700,0.974968,0.925771,0.938998,0.368254,l2,3.000000,,"(1, 1)",10,0.950000,True,False,2466,0.000000,7.523685,0.040554,0.009139,"[[440, 39], [73, 1519]]"
run.2026-01-10_067,True,0.887097,0.964444,0.918580,0.954146,0.857700,0.974968,0.925771,0.938998,0.368254,l2,3.000000,,"(1, 1)",10,1.000000,True,False,2466,0.000000,7.491227,0.040554,0.009139,"[[440, 39], [73, 1519]]"
run.2026-01-10_050,True,0.887080,0.964862,0.910230,0.957286,0.865079,0.972559,0.925971,0.933230,0.354880,l2,1.000000,,"(1, 1)",10,0.900000,True,False,2466,0.000000,7.540518,0.043142,0.009780,"[[436, 43], [68, 1524]]"
run.2026-01-10_058,True,0.887080,0.964862,0.910230,0.957286,0.865079,0.972559,0.925971,0.933230,0.354880,l2,1.000000,,"(1, 1)",10,0.950000,True,False,2466,0.000000,7.611246,0.043142,0.009780,"[[436, 43], [68, 1524]]"
run.2026-01-10_066,True,0.887080,0.964862,0.910230,0.957286,0.865079,0.972559,0.925971,0.933230,0.354880,l2,1.000000,,"(1, 1)",10,1.000000,True,False,2466,0.000000,7.649046,0.043142,0.009780,"[[436, 43], [68, 1524]]"
run.2026-01-10_003,True,0.886887,0.964047,0.924843,0.951633,0.851923,0.976789,0.925467,0.941162,0.322116,l2,3.000000,,"(1, 1)",2,0.900000,True,False,8377,1.198520,22.262727,0.040707,0.010741,"[[443, 36], [77, 1515]]"
run.2026-01-10_011,True,0.886887,0.964047,0.924843,0.951633,0.851923,0.976789,0.925467,0.941162,0.322116,l2,3.000000,,"(1, 1)",2,0.950000,True,False,8377,1.198520,7.621531,0.040707,0.010741,"[[443, 36], [77, 1515]]"
run.2026-01-10_019,True,0.886887,0.964047,0.924843,0.951633,0.851923,0.976789,0.925467,0.941162,0.322116,l2,3.000000,,"(1, 1)",2,1.000000,True,False,8377,1.198520,7.694056,0.040707,0.010741,"[[443, 36], [77, 1515]]"
run.2026-01-10_007,True,0.886869,0.964467,0.916493,0.954774,0.859100,0.974359,0.925668,0.938738,0.333467,l2,3.000000,,"(1, 1)",2,0.900000,True,True,8331,1.205137,7.647586,0.040973,0.012194,"[[439, 40], [72, 1520]]"
run.2026-01-10_015,True,0.886869,0.964467,0.916493,0.954774,0.859100,0.974359,0.925668,0.938738,0.333467,l2,3.000000,,"(1, 1)",2,0.950000,True,True,8331,1.205137,7.679858,0.040973,0.012194,"[[439, 40], [72, 1520]]"
run.2026-01-10_023,True,0.886869,0.964467,0.916493,0.954774,0.859100,0.974359,0.925668,0.938738,0.333467,l2,3.000000,,"(1, 1)",2,1.000000,True,True,8331,1.205137,7.814442,0.040973,0.012194,"[[439, 40], [72, 1520]]"
run.2026-01-10_027,True,0.886454,0.963671,0.929019,0.949749,0.847619,0.978008,0.925063,0.940627,0.283743,l2,3.000000,,"(1, 1)",5,0.900000,True,False,4112,0.004864,7.699963,0.040460,0.008389,"[[445, 34], [80, 1512]]"
run.2026-01-10_035,True,0.886454,0.963671,0.929019,0.949749,0.847619,0.978008,0.925063,0.940627,0.283743,l2,3.000000,,"(1, 1)",5,0.950000,True,False,4112,0.004864,7.653242,0.040460,0.008389,"[[445, 34], [80, 1512]]"
run.2026-01-10_043,True,0.886454,0.963671,0.929019,0.949749,0.847619,0.978008,0.925063,0.940627,0.283743,l2,3.000000,,"(1, 1)",5,1.000000,True,False,4112,0.004864,7.294299,0.040460,0.008389,"[[445, 34], [80, 1512]]"
run.2026-01-10_052,True,0.886000,0.963717,0.924843,0.951005,0.850288,0.976774,0.924859,0.942517,0.316860,l2,5.000000,,"(1, 1)",10,0.900000,True,False,2466,0.000000,7.712695,0.039733,0.008515,"[[443, 36], [78, 1514]]"
run.2026-01-10_060,True,0.886000,0.963717,0.924843,0.951005,0.850288,0.976774,0.924859,0.942517,0.316860,l2,5.000000,,"(1, 1)",10,0.950000,True,False,2466,0.000000,7.532213,0.039733,0.008515,"[[443, 36], [78, 1514]]"
run.2026-01-10_068,True,0.886000,0.963717,0.924843,0.951005,0.850288,0.976774,0.924859,0.942517,0.316860,l2,5.000000,,"(1, 1)",10,1.000000,True,False,2466,0.000000,7.459157,0.039733,0.008515,"[[443, 36], [78, 1514]]"
run.2026-01-10_026,True,0.885947,0.964557,0.908142,0.957286,0.864811,0.971939,0.925252,0.932723,0.366704,l2,1.000000,,"(1, 1)",5,0.900000,True,False,4112,0.004864,7.662965,0.042870,0.011872,"[[435, 44], [68, 1524]]"
run.2026-01-10_034,True,0.885947,0.964557,0.908142,0.957286,0.864811,0.971939,0.925252,0.932723,0.366704,l2,1.000000,,"(1, 1)",5,0.950000,True,False,4112,0.004864,7.433863,0.042870,0.011872,"[[435, 44], [68, 1524]]"
run.2026-01-10_042,True,0.885947,0.964557,0.908142,0.957286,0.864811,0.971939,0.925252,0.932723,0.366704,l2,1.000000,,"(1, 1)",5,1.000000,True,False,4112,0.004864,7.666522,0.042870,0.011872,"[[435, 44], [68, 1524]]"
run.2026-01-10_198,True,0.885312,0.963787,0.918580,0.952889,0.854369,0.974936,0.924549,0.937097,0.285611,l2,1.000000,,"(1, 3)",10,0.900000,True,True,3946,0.000000,9.244365,0.041776,0.010523,"[[440, 39], [75, 1517]]"
run.2026-01-10_206,True,0.885312,0.963787,0.918580,0.952889,0.854369,0.974936,0.924549,0.937097,0.285611,l2,1.000000,,"(1, 3)",10,0.950000,True,True,3946,0.000000,9.057944,0.041776,0.010523,"[[440, 39], [75, 1517]]"
run.2026-01-10_214,True,0.885312,0.963787,0.918580,0.952889,0.854369,0.974936,0.924549,0.937097,0.285611,l2,1.000000,,"(1, 3)",10,1.000000,True,True,3946,0.000000,9.019695,0.041776,0.010523,"[[440, 39], [75, 1517]]"
run.2026-01-10_126,True,0.884654,0.963434,0.920668,0.951633,0.851351,0.975531,0.924044,0.936292,0.279307,l2,1.000000,,"(1, 2)",10,0.900000,True,True,3757,0.000000,8.244723,0.041752,0.012005,"[[441, 38], [77, 1515]]"
run.2026-01-10_134,True,0.884654,0.963434,0.920668,0.951633,0.851351,0.975531,0.924044,0.936292,0.279307,l2,1.000000,,"(1, 2)",10,0.950000,True,True,3757,0.000000,10.311496,0.041752,0.012005,"[[441, 38], [77, 1515]]"
run.2026-01-10_142,True,0.884654,0.963434,0.920668,0.951633,0.851351,0.975531,0.924044,0.936292,0.279307,l2,1.000000,,"(1, 2)",10,1.000000,True,True,3757,0.000000,8.257170,0.041752,0.012005,"[[441, 38], [77, 1515]]"
run.2026-01-10_098,True,0.883673,0.963947,0.903967,0.957286,0.864271,0.970701,0.923810,0.936166,0.377860,l2,1.000000,,"(1, 2)",5,0.900000,True,False,12975,0.007707,9.617715,0.043306,0.012060,"[[433, 46], [68, 1524]]"
run.2026-01-10_106,True,0.883673,0.963947,0.903967,0.957286,0.864271,0.970701,0.923810,0.936166,0.377860,l2,1.000000,,"(1, 2)",5,0.950000,True,False,12975,0.007707,9.542195,0.043306,0.012060,"[[433, 46], [68, 1524]]"
run.2026-01-10_114,True,0.883673,0.963947,0.903967,0.957286,0.864271,0.970701,0.923810,0.936166,0.377860,l2,1.000000,,"(1, 2)",5,1.000000,True,False,12975,0.007707,9.624487,0.043306,0.012060,"[[433, 46], [68, 1524]]"
run.2026-01-10_194,True,0.883436,0.963970,0.901879,0.957915,0.865731,0.970102,0.923703,0.934852,0.371623,l2,1.000000,,"(1, 3)",10,0.900000,True,False,7765,0.000000,10.455514,0.043729,0.012775,"[[432, 47], [67, 1525]]"
run.2026-01-10_202,True,0.883436,0.963970,0.901879,0.957915,0.865731,0.970102,0.923703,0.934852,0.371623,l2,1.000000,,"(1, 3)",10,0.950000,True,False,7765,0.000000,8.534232,0.043729,0.012775,"[[432, 47], [67, 1525]]"
run.2026-01-10_210,True,0.883436,0.963970,0.901879,0.957915,0.865731,0.970102,0.923703,0.934852,0.371623,l2,1.000000,,"(1, 3)",10,1.000000,True,False,7765,0.000000,10.358658,0.043729,0.012775,"[[432, 47], [67, 1525]]"
run.2026-01-10_002,True,0.883436,0.963970,0.901879,0.957915,0.865731,0.970102,0.923703,0.931153,0.409646,l2,1.000000,,"(1, 1)",2,0.900000,True,False,8377,1.198520,36.335590,0.043648,0.011968,"[[432, 47], [67, 1525]]"
run.2026-01-10_010,True,0.883436,0.963970,0.901879,0.957915,0.865731,0.970102,0.923703,0.931153,0.409646,l2,1.000000,,"(1, 1)",2,0.950000,True,False,8377,1.198520,7.742556,0.043648,0.011968,"[[432, 47], [67, 1525]]"
run.2026-01-10_018,True,0.883436,0.963970,0.901879,0.957915,0.865731,0.970102,0.923703,0.931153,0.409646,l2,1.000000,,"(1, 1)",2,1.000000,True,False,8377,1.198520,7.844119,0.043648,0.011968,"[[432, 47], [67, 1525]]"
run.2026-01-10_030,True,0.880081,0.962635,0.903967,0.954774,0.857426,0.970626,0.921358,0.931651,0.380862,l2,1.000000,,"(1, 1)",5,0.900000,True,True,4066,0.004919,7.296826,0.043549,0.012341,"[[433, 46], [72, 1520]]"
run.2026-01-10_038,True,0.880081,0.962635,0.903967,0.954774,0.857426,0.970626,0.921358,0.931651,0.380862,l2,1.000000,,"(1, 1)",5,0.950000,True,True,4066,0.004919,7.265871,0.043549,0.012341,"[[433, 46], [72, 1520]]"
run.2026-01-10_046,True,0.880081,0.962635,0.903967,0.954774,0.857426,0.970626,0.921358,0.931651,0.380862,l2,1.000000,,"(1, 1)",5,1.000000,True,True,4066,0.004919,7.431573,0.043549,0.012341,"[[433, 46], [72, 1520]]"
run.2026-01-10_078,True,0.879276,0.961881,0.912317,0.951005,0.848544,0.973008,0.920578,0.935676,0.417747,l2,1.000000,,"(1, 2)",2,0.900000,True,True,28089,1.948806,9.200226,0.044084,0.015665,"[[437, 42], [78, 1514]]"
run.2026-01-10_086,True,0.879276,0.961881,0.912317,0.951005,0.848544,0.973008,0.920578,0.935676,0.417747,l2,1.000000,,"(1, 2)",2,0.950000,True,True,28089,1.948806,9.370289,0.044084,0.015665,"[[437, 42], [78, 1514]]"
run.2026-01-10_094,True,0.879276,0.961881,0.912317,0.951005,0.848544,0.973008,0.920578,0.935676,0.417747,l2,1.000000,,"(1, 2)",2,1.000000,True,True,28089,1.948806,9.218793,0.044084,0.015665,"[[437, 42], [78, 1514]]"
run.2026-01-10_006,True,0.878942,0.962330,0.901879,0.954774,0.857143,0.970006,0.920636,0.934358,0.407832,l2,1.000000,,"(1, 1)",2,0.900000,True,True,8331,1.205137,7.558591,0.043784,0.014754,"[[432, 47], [72, 1520]]"
run.2026-01-10_014,True,0.878942,0.962330,0.901879,0.954774,0.857143,0.970006,0.920636,0.934358,0.407832,l2,1.000000,,"(1, 1)",2,0.950000,True,True,8331,1.205137,7.514238,0.043784,0.014754,"[[432, 47], [72, 1520]]"
run.2026-01-10_022,True,0.878942,0.962330,0.901879,0.954774,0.857143,0.970006,0.920636,0.934358,0.407832,l2,1.000000,,"(1, 1)",2,1.000000,True,True,8331,1.205137,7.773320,0.043784,0.014754,"[[432, 47], [72, 1520]]"
run.2026-01-10_054,True,0.878942,0.962330,0.901879,0.954774,0.857143,0.970006,0.920636,0.930904,0.353323,l2,1.000000,,"(1, 1)",10,0.900000,True,True,2420,0.000000,2.022010,0.043526,0.011262,"[[432, 47], [72, 1520]]"
run.2026-01-10_062,True,0.878942,0.962330,0.901879,0.954774,0.857143,0.970006,0.920636,0.930904,0.353323,l2,1.000000,,"(1, 1)",10,0.950000,True,True,2420,0.000000,2.078507,0.043526,0.011262,"[[432, 47], [72, 1520]]"
run.2026-01-10_070,True,0.878942,0.962330,0.901879,0.954774,0.857143,0.970006,0.920636,0.930904,0.353323,l2,1.000000,,"(1, 1)",10,1.000000,True,True,2420,0.000000,1.669891,0.043526,0.011262,"[[432, 47], [72, 1520]]"
run.2026-01-10_170,True,0.878296,0.961977,0.903967,0.953518,0.854043,0.970588,0.920137,0.934341,0.350601,l2,1.000000,,"(1, 3)",5,0.900000,True,False,17491,0.006861,12.953045,0.043884,0.009830,"[[433, 46], [74, 1518]]"
run.2026-01-10_178,True,0.878296,0.961977,0.903967,0.953518,0.854043,0.970588,0.920137,0.934341,0.350601,l2,1.000000,,"(1, 3)",5,0.950000,True,False,17491,0.006861,11.149710,0.043884,0.009830,"[[433, 46], [74, 1518]]"
run.2026-01-10_186,True,0.878296,0.961977,0.903967,0.953518,0.854043,0.970588,0.920137,0.934341,0.350601,l2,1.000000,,"(1, 3)",5,1.000000,True,False,17491,0.006861,11.123089,0.043884,0.009830,"[[433, 46], [74, 1518]]"
run.2026-01-10_150,True,0.875883,0.960965,0.906054,0.951005,0.847656,0.971135,0.918424,0.934479,0.437286,l2,1.000000,,"(1, 3)",2,0.900000,True,True,34331,2.092569,10.389527,0.044505,0.019482,"[[434, 45], [78, 1514]]"
run.2026-01-10_158,True,0.875883,0.960965,0.906054,0.951005,0.847656,0.971135,0.918424,0.934479,0.437286,l2,1.000000,,"(1, 3)",2,0.950000,True,True,34331,2.092569,10.633090,0.044505,0.019482,"[[434, 45], [78, 1514]]"
run.2026-01-10_166,True,0.875883,0.960965,0.906054,0.951005,0.847656,0.971135,0.918424,0.934479,0.437286,l2,1.000000,,"(1, 3)",2,1.000000,True,True,34331,2.092569,12.153854,0.044505,0.019482,"[[434, 45], [78, 1514]]"
run.2026-01-10_074,True,0.873865,0.960330,0.903967,0.950377,0.845703,0.970494,0.917097,0.929205,0.380176,l2,1.000000,,"(1, 2)",2,0.900000,True,False,38624,1.690141,9.866688,0.045693,0.012689,"[[433, 46], [79, 1513]]"
run.2026-01-10_082,True,0.873865,0.960330,0.903967,0.950377,0.845703,0.970494,0.917097,0.929205,0.380176,l2,1.000000,,"(1, 2)",2,0.950000,True,False,38624,1.690141,10.276764,0.045693,0.012689,"[[433, 46], [79, 1513]]"
run.2026-01-10_090,True,0.873865,0.960330,0.903967,0.950377,0.845703,0.970494,0.917097,0.929205,0.380176,l2,1.000000,,"(1, 2)",2,1.000000,True,False,38624,1.690141,10.197596,0.045693,0.012689,"[[433, 46], [79, 1513]]"
run.2026-01-10_197,True,0.870518,0.958572,0.912317,0.944724,0.832381,0.972833,0.914545,0.923356,0.341252,l2,0.300000,,"(1, 3)",10,0.900000,True,True,3946,0.000000,9.234575,0.047580,0.010700,"[[437, 42], [88, 1504]]"
run.2026-01-10_205,True,0.870518,0.958572,0.912317,0.944724,0.832381,0.972833,0.914545,0.923356,0.341252,l2,0.300000,,"(1, 3)",10,0.950000,True,True,3946,0.000000,8.887142,0.047580,0.010700,"[[437, 42], [88, 1504]]"
run.2026-01-10_213,True,0.870518,0.958572,0.912317,0.944724,0.832381,0.972833,0.914545,0.923356,0.341252,l2,0.300000,,"(1, 3)",10,1.000000,True,True,3946,0.000000,9.703663,0.047580,0.010700,"[[437, 42], [88, 1504]]"
run.2026-01-10_125,True,0.868526,0.957935,0.910230,0.944095,0.830476,0.972186,0.913230,0.923026,0.348736,l2,0.300000,,"(1, 2)",10,0.900000,True,True,3757,0.000000,8.395179,0.047599,0.011139,"[[436, 43], [89, 1503]]"
run.2026-01-10_133,True,0.868526,0.957935,0.910230,0.944095,0.830476,0.972186,0.913230,0.923026,0.348736,l2,0.300000,,"(1, 2)",10,0.950000,True,True,3757,0.000000,10.203123,0.047599,0.011139,"[[436, 43], [89, 1503]]"
run.2026-01-10_141,True,0.868526,0.957935,0.910230,0.944095,0.830476,0.972186,0.913230,0.923026,0.348736,l2,0.300000,,"(1, 2)",10,1.000000,True,True,3757,0.000000,8.305950,0.047599,0.011139,"[[436, 43], [89, 1503]]"
run.2026-01-10_053,True,0.868526,0.957935,0.910230,0.944095,0.830476,0.972186,0.913230,0.921727,0.349390,l2,0.300000,,"(1, 1)",10,0.900000,True,True,2420,0.000000,1.893807,0.048720,0.012068,"[[436, 43], [89, 1503]]"
run.2026-01-10_061,True,0.868526,0.957935,0.910230,0.944095,0.830476,0.972186,0.913230,0.921727,0.349390,l2,0.300000,,"(1, 1)",10,0.950000,True,True,2420,0.000000,1.979363,0.048720,0.012068,"[[436, 43], [89, 1503]]"
run.2026-01-10_069,True,0.868526,0.957935,0.910230,0.944095,0.830476,0.972186,0.913230,0.921727,0.349390,l2,0.300000,,"(1, 1)",10,1.000000,True,True,2420,0.000000,1.883402,0.048720,0.012068,"[[436, 43], [89, 1503]]"
run.2026-01-10_029,True,0.868342,0.958373,0.901879,0.947236,0.837209,0.969775,0.913357,0.920476,0.421983,l2,0.300000,,"(1, 1)",5,0.900000,True,True,4066,0.004919,7.623368,0.048517,0.011991,"[[432, 47], [84, 1508]]"
run.2026-01-10_037,True,0.868342,0.958373,0.901879,0.947236,0.837209,0.969775,0.913357,0.920476,0.421983,l2,0.300000,,"(1, 1)",5,0.950000,True,True,4066,0.004919,7.290571,0.048517,0.011991,"[[432, 47], [84, 1508]]"
run.2026-01-10_045,True,0.868342,0.958373,0.901879,0.947236,0.837209,0.969775,0.913357,0.920476,0.421983,l2,0.300000,,"(1, 1)",5,1.000000,True,True,4066,0.004919,7.324025,0.048517,0.011991,"[[432, 47], [84, 1508]]"
run.2026-01-10_101,True,0.868263,0.957962,0.908142,0.944724,0.831740,0.971576,0.913113,0.928625,0.401942,l2,0.300000,,"(1, 2)",5,0.900000,True,True,7959,0.012564,8.535317,0.046997,0.011895,"[[435, 44], [88, 1504]]"
run.2026-01-10_109,True,0.868263,0.957962,0.908142,0.944724,0.831740,0.971576,0.913113,0.928625,0.401942,l2,0.300000,,"(1, 2)",5,0.950000,True,True,7959,0.012564,8.380790,0.046997,0.011895,"[[435, 44], [88, 1504]]"
run.2026-01-10_117,True,0.868263,0.957962,0.908142,0.944724,0.831740,0.971576,0.913113,0.928625,0.401942,l2,0.300000,,"(1, 2)",5,1.000000,True,True,7959,0.012564,8.491595,0.046997,0.011895,"[[435, 44], [88, 1504]]"
run.2026-01-10_173,True,0.867735,0.958015,0.903967,0.945980,0.834297,0.970361,0.912875,0.927638,0.419971,l2,0.300000,,"(1, 3)",5,0.900000,True,True,8639,0.011575,11.080411,0.047500,0.012384,"[[433, 46], [86, 1506]]"
run.2026-01-10_181,True,0.867735,0.958015,0.903967,0.945980,0.834297,0.970361,0.912875,0.927638,0.419971,l2,0.300000,,"(1, 3)",5,0.950000,True,True,8639,0.011575,8.987402,0.047500,0.012384,"[[433, 46], [86, 1506]]"
run.2026-01-10_189,True,0.867735,0.958015,0.903967,0.945980,0.834297,0.970361,0.912875,0.927638,0.419971,l2,0.300000,,"(1, 3)",5,1.000000,True,True,8639,0.011575,9.261827,0.047500,0.012384,"[[433, 46], [86, 1506]]"
run.2026-01-10_146,True,0.867704,0.956326,0.931106,0.935302,0.812386,0.978318,0.912015,0.926326,0.244387,l2,1.000000,,"(1, 3)",2,0.900000,True,False,63592,1.970059,12.825733,0.047358,0.018018,"[[446, 33], [103, 1489]]"
run.2026-01-10_154,True,0.867704,0.956326,0.931106,0.935302,0.812386,0.978318,0.912015,0.926326,0.244387,l2,1.000000,,"(1, 3)",2,0.950000,True,False,63592,1.970059,12.743971,0.047358,0.018018,"[[446, 33], [103, 1489]]"
run.2026-01-10_162,True,0.867704,0.956326,0.931106,0.935302,0.812386,0.978318,0.912015,0.926326,0.244387,l2,1.000000,,"(1, 3)",2,1.000000,True,False,63592,1.970059,13.065144,0.047358,0.018018,"[[446, 33], [103, 1489]]"
run.2026-01-10_005,True,0.866000,0.957352,0.903967,0.944724,0.831094,0.970323,0.911676,0.919934,0.402901,l2,0.300000,,"(1, 1)",2,0.900000,True,True,8331,1.205137,7.161959,0.049470,0.014807,"[[433, 46], [88, 1504]]"
run.2026-01-10_013,True,0.866000,0.957352,0.903967,0.944724,0.831094,0.970323,0.911676,0.919934,0.402901,l2,0.300000,,"(1, 1)",2,0.950000,True,True,8331,1.205137,7.444140,0.049470,0.014807,"[[433, 46], [88, 1504]]"
run.2026-01-10_021,True,0.866000,0.957352,0.903967,0.944724,0.831094,0.970323,0.911676,0.919934,0.402901,l2,0.300000,,"(1, 1)",2,1.000000,True,True,8331,1.205137,7.659650,0.049470,0.014807,"[[433, 46], [88, 1504]]"
run.2026-01-10_077,True,0.862275,0.956051,0.901879,0.942839,0.826004,0.969638,0.909163,0.924849,0.415260,l2,0.300000,,"(1, 2)",2,0.900000,True,True,28089,1.948806,8.627268,0.049469,0.019136,"[[432, 47], [91, 1501]]"
run.2026-01-10_085,True,0.862275,0.956051,0.901879,0.942839,0.826004,0.969638,0.909163,0.924849,0.415260,l2,0.300000,,"(1, 2)",2,0.950000,True,True,28089,1.948806,8.804921,0.049469,0.019136,"[[432, 47], [91, 1501]]"
run.2026-01-10_093,True,0.862275,0.956051,0.901879,0.942839,0.826004,0.969638,0.909163,0.924849,0.415260,l2,0.300000,,"(1, 2)",2,1.000000,True,True,28089,1.948806,8.664949,0.049469,0.019136,"[[432, 47], [91, 1501]]"
run.2026-01-10_121,True,0.859406,0.954662,0.906054,0.939070,0.817326,0.970779,0.907034,0.915850,0.310210,l2,0.300000,,"(1, 2)",10,0.900000,True,False,6312,0.000000,9.138779,0.049940,0.010956,"[[434, 45], [97, 1495]]"
run.2026-01-10_129,True,0.859406,0.954662,0.906054,0.939070,0.817326,0.970779,0.907034,0.915850,0.310210,l2,0.300000,,"(1, 2)",10,0.950000,True,False,6312,0.000000,8.723691,0.049940,0.010956,"[[434, 45], [97, 1495]]"
run.2026-01-10_137,True,0.859406,0.954662,0.906054,0.939070,0.817326,0.970779,0.907034,0.915850,0.310210,l2,0.300000,,"(1, 2)",10,1.000000,True,False,6312,0.000000,8.762541,0.049940,0.010956,"[[434, 45], [97, 1495]]"
run.2026-01-10_193,True,0.859390,0.954240,0.912317,0.936558,0.812268,0.972603,0.906815,0.916572,0.282889,l2,0.300000,,"(1, 3)",10,0.900000,True,False,7765,0.000000,10.348111,0.050102,0.011892,"[[437, 42], [101, 1491]]"
run.2026-01-10_201,True,0.859390,0.954240,0.912317,0.936558,0.812268,0.972603,0.906815,0.916572,0.282889,l2,0.300000,,"(1, 3)",10,0.950000,True,False,7765,0.000000,10.373994,0.050102,0.011892,"[[437, 42], [101, 1491]]"
run.2026-01-10_209,True,0.859390,0.954240,0.912317,0.936558,0.812268,0.972603,0.906815,0.916572,0.282889,l2,0.300000,,"(1, 3)",10,1.000000,True,False,7765,0.000000,10.651914,0.050102,0.011892,"[[437, 42], [101, 1491]]"
run.2026-01-10_049,True,0.859375,0.953817,0.918580,0.934045,0.807339,0.974443,0.906596,0.919367,0.270493,l2,0.300000,,"(1, 1)",10,0.900000,True,False,2466,0.000000,7.566068,0.049535,0.009214,"[[440, 39], [105, 1487]]"
run.2026-01-10_057,True,0.859375,0.953817,0.918580,0.934045,0.807339,0.974443,0.906596,0.919367,0.270493,l2,0.300000,,"(1, 1)",10,0.950000,True,False,2466,0.000000,7.452700,0.049535,0.009214,"[[440, 39], [105, 1487]]"
run.2026-01-10_065,True,0.859375,0.953817,0.918580,0.934045,0.807339,0.974443,0.906596,0.919367,0.270493,l2,0.300000,,"(1, 1)",10,1.000000,True,False,2466,0.000000,7.656853,0.049535,0.009214,"[[440, 39], [105, 1487]]"
run.2026-01-10_025,True,0.859127,0.954690,0.903967,0.939698,0.818526,0.970169,0.906909,0.915803,0.318405,l2,0.300000,,"(1, 1)",5,0.900000,True,False,4112,0.004864,7.460867,0.049672,0.011166,"[[433, 46], [96, 1496]]"
run.2026-01-10_033,True,0.859127,0.954690,0.903967,0.939698,0.818526,0.970169,0.906909,0.915803,0.318405,l2,0.300000,,"(1, 1)",5,0.950000,True,False,4112,0.004864,7.472906,0.049672,0.011166,"[[433, 46], [96, 1496]]"
run.2026-01-10_041,True,0.859127,0.954690,0.903967,0.939698,0.818526,0.970169,0.906909,0.915803,0.318405,l2,0.300000,,"(1, 1)",5,1.000000,True,False,4112,0.004864,7.538275,0.049672,0.011166,"[[433, 46], [96, 1496]]"
run.2026-01-10_149,True,0.858556,0.954328,0.906054,0.938442,0.815789,0.970760,0.906442,0.923160,0.382793,l2,0.300000,,"(1, 3)",2,0.900000,True,True,34331,2.092569,9.799622,0.050005,0.019136,"[[434, 45], [98, 1494]]"
run.2026-01-10_157,True,0.858556,0.954328,0.906054,0.938442,0.815789,0.970760,0.906442,0.923160,0.382793,l2,0.300000,,"(1, 3)",2,0.950000,True,True,34331,2.092569,9.998884,0.050005,0.019136,"[[434, 45], [98, 1494]]"
run.2026-01-10_165,True,0.858556,0.954328,0.906054,0.938442,0.815789,0.970760,0.906442,0.923160,0.382793,l2,0.300000,,"(1, 3)",2,1.000000,True,True,34331,2.092569,11.495135,0.050005,0.019136,"[[434, 45], [98, 1494]]"
run.2026-01-10_097,True,0.857704,0.953570,0.912317,0.935302,0.809259,0.972567,0.905637,0.916822,0.307958,l2,0.300000,,"(1, 2)",5,0.900000,True,False,12975,0.007707,9.637308,0.050283,0.011011,"[[437, 42], [103, 1489]]"
run.2026-01-10_105,True,0.857704,0.953570,0.912317,0.935302,0.809259,0.972567,0.905637,0.916822,0.307958,l2,0.300000,,"(1, 2)",5,0.950000,True,False,12975,0.007707,8.535863,0.050283,0.011011,"[[437, 42], [103, 1489]]"
run.2026-01-10_113,True,0.857704,0.953570,0.912317,0.935302,0.809259,0.972567,0.905637,0.916822,0.307958,l2,0.300000,,"(1, 2)",5,1.000000,True,False,12975,0.007707,9.208481,0.050283,0.011011,"[[437, 42], [103, 1489]]"
run.2026-01-10_169,True,0.854634,0.952198,0.914405,0.932161,0.802198,0.973115,0.903416,0.916237,0.279730,l2,0.300000,,"(1, 3)",5,0.900000,True,False,17491,0.006861,10.719078,0.050957,0.010913,"[[438, 41], [108, 1484]]"
run.2026-01-10_177,True,0.854634,0.952198,0.914405,0.932161,0.802198,0.973115,0.903416,0.916237,0.279730,l2,0.300000,,"(1, 3)",5,0.950000,True,False,17491,0.006861,10.748983,0.050957,0.010913,"[[438, 41], [108, 1484]]"
run.2026-01-10_185,True,0.854634,0.952198,0.914405,0.932161,0.802198,0.973115,0.903416,0.916237,0.279730,l2,0.300000,,"(1, 3)",5,1.000000,True,False,17491,0.006861,10.637501,0.050957,0.010913,"[[438, 41], [108, 1484]]"
run.2026-01-10_001,True,0.849609,0.950609,0.908142,0.930905,0.798165,0.971166,0.900109,0.915923,0.294348,l2,0.300000,,"(1, 1)",2,0.900000,True,False,8377,1.198520,13.773573,0.050727,0.011296,"[[435, 44], [110, 1482]]"
run.2026-01-10_009,True,0.849609,0.950609,0.908142,0.930905,0.798165,0.971166,0.900109,0.915923,0.294348,l2,0.300000,,"(1, 1)",2,0.950000,True,False,8377,1.198520,7.929942,0.050727,0.011296,"[[435, 44], [110, 1482]]"
run.2026-01-10_017,True,0.849609,0.950609,0.908142,0.930905,0.798165,0.971166,0.900109,0.915923,0.294348,l2,0.300000,,"(1, 1)",2,1.000000,True,False,8377,1.198520,7.644999,0.050727,0.011296,"[[435, 44], [110, 1482]]"
run.2026-01-10_073,True,0.847358,0.950000,0.903967,0.930905,0.797422,0.969895,0.898679,0.911929,0.301820,l2,0.300000,,"(1, 2)",2,0.900000,True,False,38624,1.690141,10.229778,0.052205,0.018659,"[[433, 46], [110, 1482]]"
run.2026-01-10_081,True,0.847358,0.950000,0.903967,0.930905,0.797422,0.969895,0.898679,0.911929,0.301820,l2,0.300000,,"(1, 2)",2,0.950000,True,False,38624,1.690141,9.879399,0.052205,0.018659,"[[433, 46], [110, 1482]]"
run.2026-01-10_089,True,0.847358,0.950000,0.903967,0.930905,0.797422,0.969895,0.898679,0.911929,0.301820,l2,0.300000,,"(1, 2)",2,1.000000,True,False,38624,1.690141,9.691511,0.052205,0.018659,"[[433, 46], [110, 1482]]"
run.2026-01-10_145,True,0.841594,0.947639,0.903967,0.926508,0.787273,0.969757,0.894616,0.907532,0.333436,l2,0.300000,,"(1, 3)",2,0.900000,True,False,63592,1.970059,11.366321,0.054485,0.021357,"[[433, 46], [117, 1475]]"
run.2026-01-10_153,True,0.841594,0.947639,0.903967,0.926508,0.787273,0.969757,0.894616,0.907532,0.333436,l2,0.300000,,"(1, 3)",2,0.950000,True,False,63592,1.970059,11.205178,0.054485,0.021357,"[[433, 46], [117, 1475]]"
run.2026-01-10_161,True,0.841594,0.947639,0.903967,0.926508,0.787273,0.969757,0.894616,0.907532,0.333436,l2,0.300000,,"(1, 3)",2,1.000000,True,False,63592,1.970059,11.774157,0.054485,0.021357,"[[433, 46], [117, 1475]]"
